<!DOCTYPE suite SYSTEM "https://testng.org/testng-1.0.dtd" >

<suite name="TOLLS_QA">
    <parameter name="browser" value="Chrome"></parameter>
    <parameter name="carpetaReporte" value="C:\Jenkins\report"></parameter>

<!--    <test name="INGRESO TOOLS QA LOGIN">-->
<!--        <classes>-->
<!--            <class name="testClases.CPA001LOGIN" />-->
<!--        </classes>-->
<!--    </test>-->

<!--    <test name="INGRESO TOOLS QA CHECKBOX ">-->
<!--        <classes>-->
<!--            <class name="testClases.CPA002CheckBox" />-->
<!--        </classes>-->
<!--    </test>-->

<!--&lt;!&ndash;    <test name="INGRESO TOOLS QA RADIO BUTTON">&ndash;&gt;-->
<!--&lt;!&ndash;        <classes>&ndash;&gt;-->
<!--&lt;!&ndash;            <class name="testClases.CPA003RadioButton" />&ndash;&gt;-->
<!--&lt;!&ndash;        </classes>&ndash;&gt;-->
<!--&lt;!&ndash;   </test>&ndash;&gt;-->

    <test name="INGRESO TOOLS QA WEBTABLE ">
        <classes>
            <class name="testClases.CPA004WebTable" />
        </classes>
    </test>

<!--    <test name="INGRESO TOOLS QA WIDGET">-->
<!--        <classes>-->
<!--            <class name="testClases.CPA006Widget" />-->
<!--        </classes>-->
<!--    </test>-->

<!--    <test name="Ingresar A SHOPPING AGREGA PRODUCTOS A CARRO DE COMPRAS">-->
<!--        <classes>-->
<!--            <class name="testClases.CPA007AgregaProductoShopping" />-->
<!--        </classes>-->
<!--    </test>-->

</suite>







