<!DOCTYPE suite SYSTEM "https://testng.org/testng-1.0.dtd" >

<suite name="TOLLS_QA">
    <parameter name="browser" value="edge"></parameter>
    <parameter name="carpetaReporte" value="C:\Jenkins\report"></parameter>

<!--    <test name="INGRESO TOOLS QA LOGIN">-->
<!--        <classes>-->
<!--            <class name="testClases.CPA001LOGIN" />-->
<!--        </classes>-->
<!--    </test>-->


<!--    <test name="INGRESO TOOLS QA CHECKBOX ">-->
<!--        <classes>-->
<!--            <class name="testClases.CPA002CheckBox" />-->
<!--        </classes>-->
<!--    </test>-->
<!--    <test name="INGRESO TOOLS QA RADIO BUTTON">-->
<!--        <classes>-->
<!--            <class name="testClases.CPA003RadioButton" />-->
<!--        </classes>-->
<!--    </test>-->
<!--    <test name="INGRESO TOOLS QA WEBTABLE ">-->
<!--        <classes>-->
<!--            <class name="testClases.CPA004WebTable" />-->
<!--        </classes>-->
<!--    </test>-->
    <test name="INGRESO TOOLS QA formularios">
        <classes>
            <class name="testClases.CPA005Form" />
        </classes>
    </test>

</suite>







