{
  "theme": "DARK",
  "encoding": "ISO-8859-1",
  "protocol": "HTTPS",
  "timelineEnabled": false,
  "offlineMode": false,
  "documentTitle": "Informe de Ejecucion Pruebas Automatizadas",
  "reportName": "Reports Automation Monitoreo de Ejecuciones ",
  "timeStampFormat": "MMM dd, yyyy HH:mm:ss a",
  "js": "",
  "css": ".header .vheader .nav-logo > a .logo {background-image: url('https:\\TesisCIISA\\src\\main\\java\\config\\ciisa.png')!important;background-size: 150px;width: 1000%;} .header .vheader .nav-logo {width: 180px;}"
}

